State,All Students Rates,American Indians Rates,Asian Americans Rates,Hawaiian/Pacific Islanders Rates,Black Students Rates,Latino Students Rates,White Students Rates,EL Students Rates,GAP: American Indians vs. Whites (in percentage points),GAP: Blacks vs. Whites (in percentage points),GAP: Latinos vs. Whites (in percentage points),All Males Rates,American Indian Males Rates,Asian American Males Rates,Hawaiian/ Pacific Islander Males Rates,Black Males Rates,Latino Males Rates,White Males Rates,Male EL Students Rates,All Females Rates,American Indian Females Rates,Asian American Females Rates,Hawaiian/ Pacific Islander Females Rates,Black Females Rates,Latina Females Rates,White Females Rates,EL Females Rates,All Students WD Rates,American Indian Students WD Rates,Asian American Students WD Rates,Hawaiian/Pacific Islander Students WD Rates,Black Students WD Rates,Latino Students WD Rates,White Students WD Rates,EL Students WD Rates,All Males WD Rates,American Indian Males WD Rates,Asian American Males WD Rates,Hawaiian/Pacific Islander Males WD Rates,Black Males WD Rates,Latino Males WD Rates,Whites Males WD Rates,EL Males WD Rates,All Females WD Rates,American Indian Females WD Rates,Asian American Females WD Rates,Hawaiian/Pacific Islander Females WD Rates,Black Females WD Rates,Latina Females WD Rates,Whites Females WD Rates,EL Females WD Rates,All Students WOD Rates,American Indian Students WOD Rates,Asian American Students WOD Rates,Hawaiian/Pacific Islander Students WOD Rates,Black Students WOD Rates,Latino Students WOD Rates,White Students WOD Rates,EL Students WOD Rates,All Males WOD Rates,American Indian Males WOD Rates,Asian American Males WOD Rates,Hawaiian/Pacific Islander Males WOD Rates,Black Males WOD Rates,Latino Males WOD Rates,Whites Males WOD Rates,EL Males WOD Rates,All Females WOD Rates,American Indian Females WOD Rates,Asian American Females WOD Rates,Hawaiian/Pacific Islander Females WOD Rates,Black Females WOD Rates,Latina Females WOD Rates,Whites Females WOD Rates,EL Females WOD Rates,High Suspending Schools (25),High Suspending Schools (50),Lower-Suspending Schools,Total Suspended Students,Suspended American Indians,Suspended Asian Americans,Suspended Hawaiian/Pacific Islanders,Suspended Blacks,Suspended Latinos,Suspended Whites,Suspended EL Students,Suspended Males,Suspended American Indian Males,Suspended Asian American Males,Suspended Hawaiian/Pacific Islander Males,Suspended Black Males,Suspended Latino Males,Suspended White Males,Suspended EL Males,Suspended Females,Suspended American Indian Females,Suspended Asian American Females,Suspended Hawaiian/Pacific Islander Females,Suspended Black Females,Suspended Latina Females,Suspended White Females,Suspended EL Females,Suspended Students WD,Suspended American Indians WD,Suspended Asian Americans WD,Suspended Hawaiian/Pacific Islanders WD,Suspended Blacks WD,Suspended Latinos WD,Suspended Whites WD,Suspended EL Students WD,Suspended Males WD,Suspended American Indian Males WD,Suspended Asian American Males WD,Suspended Hawaiian/Pacific Islander Males WD,Suspended Black Males WD,Suspended Latino Males WD,Suspended White Males WD,Suspended EL Males WD,Suspended Females WD,Suspended American Indian Females WD,Suspended Asian American Females WD,Suspended Hawaiian/Pacific Islander Females WD,Suspended Black Females WD,Suspended Latina Females WD,Suspended White Females WD,Suspended EL Females WD,Suspended Students WOD,Suspended American Indians WOD,Suspended Asian Americans WOD,Suspended Hawaiian/Pacific Islanders WOD,Suspended Blacks WOD,Suspended Latinos WOD,Suspended Whites WOD,Suspended EL Students WOD,Suspended Males WOD,Suspended American Indian Males WOD,Suspended Asian American Males WOD,Suspended Hawaiian/Pacific Islander Males WOD,Suspended Black Males WOD,Suspended Latino Males WOD,Suspended White Males WOD,Suspended EL Males WOD,Suspended Females WOD,Suspended American Indian Females WOD,Suspended Asian American Females WOD,Suspended Hawaiian/Pacific Islander Females WOD,Suspended Black Females WOD,Suspended Latina Females WOD,Suspended White Females WOD,Suspended EL Females WOD,All Students Enrollment,American Indian Enrollment,Asian American Enrollment,Hawaiian/Pacific Islander Enrollment,Black Enrollment,Latino Enrollment,White Enrollment,EL Enrollment,Male Enrollment,American Indian Male Enrollment,Asian American Male Enrollment,Hawaiian/Pacific Islander Male Enrollment,Black Male Enrollment,Latino Male Enrollment,White Male Enrollment,EL Male Enrollment,Female Enrollment,American Indian Female Enrollment,Asian American Female Enrollment,Hawaiian/Pacific Islander Female Enrollment,Black Female Enrollment,Latina Female Enrollment,White Female Enrollment,EL Female Enrollment,Students WD Enrollment,American Indians WD Enrollment,Asian Americans WD Enrollment,Hawaiian/Pacific Islanders WD Enrollment,Blacks WD Enrollment,Latinos WD Enrollment,Whites WD Enrollment,EL Students WD Enrollment,Males WD Enrollment,American Indian Males WD Enrollment,Asian American Males WD Enrollment,Hawaiian/Pacific Islander Males WD Enrollment,Black Males WD Enrollment,Latino Males WD Enrollment,White Males WD Enrollment,EL Males WD Enrollment,Females WD Enrollment,American Indian Females WD Enrollment,Asian American Females WD Enrollment,Hawaiian/Pacific Islander Females WD Enrollment,Black Females WD Enrollment,Latina Females WD Enrollment,White Females WD Enrollment,EL Females WD Enrollment,Students WOD Enrollment,American Indians WOD Enrollment,Asian Americans WOD Enrollment,Hawaiian/Pacific Islanders WOD Enrollment,Blacks WOD Enrollment,Latinos WOD Enrollment,Whites WOD Enrollment,EL Students WOD Enrollment,Males WOD Enrollment,American Indian Males WOD Enrollment,Asian American Males WOD Enrollment,Hawaiian/Pacific Islander Males WOD Enrollment,Black Males WOD Enrollment,Latino Males WOD Enrollment,White Males WOD Enrollment,EL Males WOD Enrollment,Females WOD Enrollment,American Indian Females WOD Enrollment,Asian American Indian Females WOD Enrollment,Hawaiian/Pacific Islander Females WOD Enrollment,Black Females WOD Enrollment,Latina Females WOD Enrollment,White Females WOD Enrollment,EL Females WOD Enrollment,Number of Middle Schools,Number of High Schools,Number of Secondary Schools
AK,7.22%,8.91%,2.94%,11.79%,13.61%,8.09%,6.46%,9.02%,2.45,7.14,1.62,10.10%,12.32%,4.29%,12.86%,16.74%,10.68%,9.41%,12.14%,4.14%,5.18%,1.15%,8.87%,9.85%,4.99%,3.25%,4.93%,12.62%,13.14%,3.70%,16.22%,20.00%,11.93%,11.38%,10.06%,15.34%,15.53%,6.06%,16.67%,24.14%,12.86%,14.08%,11.58%,7.22%,5.71%,0.00%,18.18%,12.50%,7.89%,6.12%,4.84%,6.38%,7.72%,2.78%,11.06%,12.03%,7.26%,5.77%,8.10%,9.00%,10.53%,4.16%,12.28%,14.37%,9.65%,8.50%,10.92%,3.80%,4.70%,1.22%,8.93%,9.30%,4.67%,3.03%,4.98%,10,0,30,3785,740,130,155,300,300,1845,300,2725,525,95,90,195,205,1385,230,1055,210,25,55,100,90,450,70,850,205,10,30,90,65,350,80,685,160,10,20,70,45,295,55,165,30,0,10,20,15,60,15,2915,520,115,125,210,230,1470,205,2025,340,85,70,125,150,1070,155,880,165,25,50,80,75,390,55,52410,8305,4415,1315,2205,3710,28545,3325,26975,4260,2215,700,1165,1920,14725,1895,25465,4055,2165,620,1015,1805,13845,1420,6735,1560,270,185,450,545,3075,795,4465,1030,165,120,290,350,2095,475,2285,525,105,55,160,190,980,310,45685,6735,4140,1130,1745,3170,25460,2530,22510,3230,2045,570,870,1555,12595,1420,23185,3510,2050,555,860,1605,12860,1105,35,50,110
AL,16.27%,11.25%,3.26%,3.23%,29.20%,7.59%,8.99%,4.72%,2.26,20.22,-1.39,20.46%,16.45%,4.80%,0.00%,35.52%,10.78%,12.18%,6.66%,11.93%,6.81%,1.46%,8.33%,22.87%,4.07%,5.63%,1.57%,20.91%,11.90%,4.00%,0.00%,30.14%,12.02%,13.24%,7.69%,23.88%,14.29%,5.71%,,33.43%,14.53%,15.86%,10.64%,15.53%,0.00%,0.00%,,24.54%,4.84%,8.03%,3.57%,15.66%,11.42%,3.00%,0.00%,29.04%,7.07%,8.49%,4.26%,19.88%,15.27%,4.74%,0.00%,36.03%,10.23%,11.58%,6.02%,11.59%,6.94%,1.51%,0.00%,22.63%,3.76%,5.39%,1.49%,210,60,155,56270,270,155,5,36705,935,17850,265,36000,190,115,0,22345,690,12435,205,20275,80,35,5,14360,240,5435,40,8490,25,10,0,5495,110,2755,30,6195,15,10,0,3895,85,2105,25,2285,0,0,0,1610,15,605,5,47805,245,135,0,31185,805,15110,220,29820,155,105,0,18455,595,10285,170,17985,75,35,0,12720,210,4800,35,345895,2400,4755,155,125685,12315,198650,5620,175945,1155,2395,80,62905,6400,102085,3080,169895,1175,2390,60,62790,5900,96560,2540,40600,210,250,5,18230,915,20810,390,25945,105,175,0,11650,585,13270,235,14710,85,75,0,6560,310,7535,140,305255,2145,4505,135,107400,11380,177885,5170,150025,1015,2215,65,51225,5815,88800,2825,155200,1080,2315,55,56215,5580,89045,2350,240,230,580
AR,11.54%,5.41%,2.05%,14.74%,26.36%,9.10%,7.42%,8.87%,-2.01,18.95,1.68,15.05%,8.57%,3.28%,21.88%,32.23%,12.28%,10.40%,11.73%,7.88%,2.25%,0.61%,7.78%,20.49%,5.34%,4.30%,5.22%,16.13%,5.88%,6.25%,36.36%,26.12%,12.18%,12.09%,12.89%,18.89%,10.00%,9.09%,33.33%,29.36%,13.68%,14.57%,15.75%,10.00%,0.00%,0.00%,33.33%,18.84%,9.01%,6.02%,6.76%,11.01%,4.91%,1.82%,13.07%,26.23%,8.58%,6.88%,8.44%,14.44%,5.52%,2.85%,19.54%,32.60%,12.06%,9.72%,11.29%,7.70%,2.45%,0.63%,6.45%,20.59%,5.06%,4.06%,5.06%,115,25,160,26475,100,70,140,12695,1870,11275,1100,17550,75,55,105,7700,1290,8075,785,8895,20,10,35,4970,530,3195,295,3820,10,5,20,1610,215,1845,145,2950,10,5,15,1195,160,1460,115,805,0,0,5,390,50,315,25,22650,80,60,115,11015,1605,9415,950,14570,40,45,85,6460,1120,6575,670,8070,20,10,30,4560,470,2805,265,229505,1850,3410,950,48155,20555,152045,12395,116645,875,1675,480,23890,10505,77675,6695,112810,890,1635,450,24250,9920,74330,5650,23680,170,80,55,6165,1765,15265,1125,15620,100,55,45,4070,1170,10020,730,8050,40,15,15,2070,555,5235,370,205770,1630,3300,880,41995,18715,136785,11260,100930,725,1580,435,19815,9290,67670,5935,104790,815,1590,435,22145,9295,69145,5240,180,160,470
AZ,8.98%,17.02%,2.73%,7.83%,14.85%,10.05%,6.59%,13.56%,10.42,8.26,3.46,12.40%,21.67%,3.60%,10.42%,19.68%,13.81%,9.49%,17.87%,5.41%,12.33%,1.30%,4.58%,9.51%,6.06%,3.57%,7.82%,16.48%,22.84%,6.12%,18.18%,21.87%,17.08%,13.43%,14.36%,19.72%,25.65%,6.15%,20.00%,25.66%,21.08%,16.37%,18.55%,9.45%,14.34%,3.33%,16.67%,13.54%,8.96%,7.50%,8.33%,8.09%,16.14%,2.50%,6.00%,13.48%,9.19%,5.84%,13.38%,11.19%,20.55%,3.34%,9.84%,17.95%,12.67%,8.43%,17.96%,5.06%,11.73%,1.25%,2.36%,8.84%,5.78%,3.23%,7.82%,150,25,250,41510,4435,385,110,3660,18495,13495,1585,29210,2815,255,75,2490,12965,9920,1155,12255,1600,90,30,1130,5455,3575,405,8025,860,30,20,760,3320,2765,275,6360,640,20,15,585,2680,2240,230,1560,180,5,5,155,600,510,55,33445,3585,340,75,2850,15125,10745,1305,22745,2155,225,60,1850,10290,7655,935,10625,1370,85,15,945,4820,3015,350,462060,26065,14095,1405,24645,183985,204690,11690,235480,12990,7080,720,12650,93885,104500,6465,226570,12980,6945,655,11885,90080,100200,5180,48695,3765,490,110,3475,19440,20585,1915,32250,2495,325,75,2280,12715,13685,1240,16510,1255,150,30,1145,6700,6800,660,413280,22215,13580,1250,21140,164565,184090,9755,203240,10485,6735,610,10305,81185,90785,5205,210070,11680,6775,610,10690,83380,93350,4475,220,405,690
CA,9.07%,13.14%,2.87%,7.44%,20.43%,9.89%,7.04%,11.78%,6.09,13.39,2.84,12.31%,17.46%,4.31%,9.80%,25.62%,13.43%,10.03%,15.44%,5.68%,8.92%,1.27%,4.81%,14.87%,6.21%,3.84%,7.05%,17.49%,18.08%,7.76%,12.95%,30.36%,16.13%,15.62%,14.19%,20.80%,20.86%,9.02%,13.95%,34.24%,19.48%,18.94%,17.50%,10.77%,10.23%,2.30%,5.56%,22.52%,9.54%,8.29%,7.64%,8.15%,12.53%,2.63%,6.92%,18.57%,9.15%,6.10%,11.17%,11.08%,16.07%,3.96%,8.90%,23.48%,12.46%,8.72%,14.80%,5.28%,8.16%,1.18%,4.38%,13.92%,5.91%,3.48%,6.86%,915,185,910,259375,3095,8935,2115,41360,142245,55155,52225,180085,2085,6965,1435,26385,98315,40495,38410,79295,1030,1905,655,14770,43885,14575,13695,49280,545,985,215,9435,24440,11785,12270,38715,390,805,150,6995,19225,9590,9830,10305,90,85,25,2365,5030,2050,2310,210220,2565,7865,1840,31785,117750,43170,39835,141470,1580,6040,1195,19360,78925,30780,28505,68765,855,1720,580,12335,38680,12335,11260,2860075,23560,311640,28420,202405,1438680,783040,443155,1463365,11940,161520,14640,102980,731995,403545,248750,1396935,11545,150035,13625,99315,706650,379515,194365,281815,3015,12695,1660,31075,151475,75445,86485,186115,1870,8920,1075,20430,98680,50645,56160,95670,880,3690,450,10500,52700,24725,30225,2578425,20465,298870,26585,171130,1287010,707615,356675,1277125,9830,152465,13430,82450,633200,352785,192540,1301220,10475,146200,13035,88600,653950,354770,164095,1300,1780,3410
CO,8.10%,11.49%,3.50%,4.65%,16.28%,11.79%,5.55%,11.17%,5.93,10.73,6.24,11.02%,13.67%,5.06%,5.06%,20.22%,15.45%,8.02%,14.75%,5.04%,8.73%,1.71%,2.38%,12.05%,7.95%,2.95%,7.10%,15.38%,12.24%,7.29%,0.00%,22.47%,17.81%,12.95%,14.02%,18.81%,9.09%,6.67%,0.00%,25.85%,21.65%,16.00%,17.43%,8.80%,9.68%,0.00%,0.00%,14.12%,10.96%,6.83%,7.92%,7.33%,11.39%,3.30%,4.43%,15.17%,11.07%,4.83%,10.63%,9.91%,13.23%,4.89%,5.63%,18.69%,14.47%,6.93%,14.03%,4.75%,8.49%,1.68%,2.30%,11.57%,7.68%,2.70%,6.91%,105,10,240,31305,425,420,40,3175,13885,12325,3675,21780,255,295,20,2030,9275,9145,2610,9515,155,105,10,1135,4595,3190,1080,5630,60,35,0,600,2170,2545,675,4540,30,20,0,455,1695,2105,535,1100,15,0,0,125,470,440,135,25645,360,380,35,2550,11685,9770,2985,17205,205,270,20,1545,7545,6990,2045,8385,135,100,10,985,4105,2740,930,386635,3700,12015,860,19500,117775,221975,32910,197675,1865,5825,395,10040,60020,114035,17700,188960,1775,6155,420,9420,57770,108000,15215,36595,490,480,40,2670,12185,19645,4815,24135,330,300,15,1760,7830,13160,3070,12495,155,185,10,885,4290,6440,1705,350000,3160,11500,790,16805,105585,202315,28090,173600,1550,5525,355,8265,52155,100835,14580,176490,1590,5955,400,8510,53435,101435,13455,285,305,690
CT,6.53%,8.14%,1.27%,6.90%,16.90%,12.69%,3.29%,10.63%,4.85,13.61,9.4,8.29%,9.35%,1.96%,6.67%,20.12%,15.25%,4.60%,12.32%,4.67%,5.61%,0.35%,0.00%,13.09%,10.06%,1.94%,8.69%,14.40%,3.23%,1.80%,0.00%,25.26%,22.71%,8.69%,18.58%,16.21%,0.00%,2.90%,0.00%,26.98%,25.42%,10.54%,20.66%,10.04%,0.00%,0.00%,0.00%,20.61%,17.23%,4.76%,14.17%,5.49%,7.61%,1.11%,7.41%,15.34%,11.00%,2.62%,8.97%,6.86%,10.00%,1.63%,8.33%,18.38%,12.89%,3.62%,9.90%,4.17%,5.43%,0.36%,0.00%,12.23%,9.14%,1.65%,7.69%,65,15,190,17935,90,145,10,5520,5750,5905,1070,11660,50,110,5,3370,3525,4235,655,6270,30,20,0,2080,2230,1690,410,4605,5,10,0,1220,1465,1690,315,3460,0,10,0,885,1060,1370,220,1070,0,0,0,305,385,305,85,13335,70,120,10,4275,4270,4195,750,8180,40,85,5,2470,2440,2860,415,5150,25,20,0,1760,1820,1335,315,274790,1105,11385,145,32660,45300,179390,10070,140645,535,5625,75,16750,23120,92120,5315,134155,535,5775,70,15885,22165,87290,4720,31990,155,555,5,4830,6450,19445,1695,21345,70,345,5,3280,4170,12995,1065,10655,40,160,5,1480,2235,6405,600,242765,920,10805,135,27870,38815,159970,8360,119325,400,5220,60,13440,18935,79110,4190,123450,460,5530,65,14385,19910,80870,4095,170,205,405
DE,15.17%,9.09%,2.99%,0.00%,26.15%,15.41%,9.11%,15.60%,-0.02,17.03,6.29,19.04%,3.45%,4.80%,0.00%,31.18%,20.55%,12.08%,19.90%,11.07%,0.00%,1.46%,0.00%,20.68%,10.56%,5.97%,9.26%,26.37%,14.29%,0.00%,,36.68%,25.52%,17.56%,18.67%,30.04%,0.00%,0.00%,,40.30%,28.10%,21.21%,22.92%,19.21%,0.00%,0.00%,,28.46%,18.31%,10.86%,20.83%,13.45%,2.22%,3.13%,0.00%,24.08%,13.82%,8.00%,13.38%,16.83%,4.17%,4.15%,0.00%,28.55%,18.68%,10.59%,16.22%,10.19%,0.00%,1.01%,0.00%,19.51%,9.10%,5.48%,8.03%,35,10,15,9960,25,65,0,5535,1120,3095,280,6405,5,55,0,3410,745,2100,195,3545,0,15,0,2120,385,990,75,2305,5,0,0,1335,245,685,70,1715,0,0,0,955,170,545,55,585,0,0,0,360,65,145,25,7650,5,65,0,4220,870,2405,190,4700,5,45,0,2440,565,1570,120,2950,0,10,0,1750,300,835,55,65645,275,2175,20,21170,7270,33960,1795,33640,145,1145,10,10935,3625,17385,980,32010,135,1025,5,10250,3645,16595,810,8740,35,75,0,3640,960,3900,375,5710,25,50,0,2370,605,2570,240,3045,10,25,0,1265,355,1335,120,56895,225,2080,15,17525,6295,30045,1420,27925,120,1085,5,8545,3025,14820,740,28960,115,990,5,8970,3295,15240,685,35,35,90
FL,18.99%,17.18%,3.34%,12.78%,30.82%,18.80%,13.71%,10.29%,3.47,17.11,5.1,25.57%,22.53%,4.99%,15.60%,38.64%,26.15%,19.50%,13.61%,12.19%,10.87%,1.65%,9.32%,22.91%,11.17%,7.62%,6.49%,37.10%,33.33%,9.62%,21.05%,31.20%,55.01%,29.48%,15.13%,44.15%,37.80%,10.95%,23.08%,37.92%,63.01%,36.29%,18.50%,22.93%,13.89%,6.06%,20.00%,17.51%,39.37%,15.60%,9.28%,16.45%,15.09%,3.08%,11.59%,30.75%,13.86%,11.59%,9.72%,21.99%,19.38%,4.45%,13.83%,38.79%,19.33%,16.42%,12.96%,11.21%,10.31%,1.48%,7.34%,23.48%,8.64%,6.93%,6.25%,710,380,305,235440,865,1060,145,87255,66050,73260,6755,161180,570,800,85,55035,46775,53405,4720,74265,270,260,55,32240,19255,19870,2010,56750,210,150,20,12950,23200,18685,935,45065,155,115,15,10515,17610,15445,740,11670,25,30,5,2415,5600,3250,200,178710,660,930,120,74305,42845,54610,5780,116125,405,665,65,44500,29175,37980,3975,62590,235,225,40,29800,13670,16615,1800,1239530,5035,31765,1135,283145,351260,534465,65650,630280,2530,16020,545,142440,178845,273845,34675,609255,2485,15765,590,140715,172420,260600,30975,152975,630,1560,95,41510,42175,63390,6180,102080,410,1050,65,27730,27950,42565,4000,50885,180,495,25,13790,14225,20835,2155,1086555,4375,30205,1035,241630,309095,471045,59465,528195,2090,14935,470,114730,150895,231305,30660,558380,2280,15250,525,126925,158185,239775,28810,565,525,1315
GA,12.56%,8.98%,2.71%,7.19%,21.26%,10.22%,6.67%,10.65%,2.31,14.6,3.55,16.30%,9.52%,3.97%,4.94%,26.57%,13.55%,9.52%,13.89%,8.70%,4.33%,1.28%,6.33%,15.88%,6.61%,3.64%,6.53%,19.19%,5.56%,3.62%,25.00%,28.19%,15.00%,11.88%,13.24%,22.43%,0.00%,4.26%,100.00%,31.81%,17.82%,14.76%,14.91%,12.39%,0.00%,1.43%,,20.16%,8.10%,5.38%,7.26%,11.78%,8.01%,2.59%,5.70%,20.35%,9.63%,6.06%,10.41%,15.29%,9.76%,3.76%,5.48%,25.58%,12.88%,8.68%,13.65%,8.41%,4.71%,1.13%,4.94%,15.46%,6.42%,3.49%,6.35%,345,50,215,105075,180,785,60,67340,8975,25135,1970,69415,90,590,20,42405,6115,18415,1395,35710,45,180,25,24945,2825,6675,550,17105,10,40,5,10545,1275,4685,235,13440,0,30,5,8030,995,3920,170,3620,0,5,0,2450,230,695,45,88015,145,720,45,56820,7640,20455,1735,55930,80,530,20,34365,5080,14495,1210,32060,45,155,20,22410,2560,5955,495,836300,2005,28930,835,316690,87845,376995,18500,425770,945,14845,405,159590,45115,193485,10045,410540,1040,14065,395,157105,42760,183520,8420,89140,180,1105,20,37405,8500,39445,1775,59910,110,705,5,25245,5585,26550,1140,29220,50,350,0,12150,2840,12915,620,747230,1810,27810,790,279235,79350,337515,16660,365880,820,14110,365,134350,39455,166915,8865,381350,955,13695,385,144955,39885,170580,7790,470,430,980
IA,5.98%,7.26%,1.98%,3.77%,24.55%,10.35%,4.37%,7.65%,2.89,20.18,5.98,8.04%,8.57%,3.45%,3.85%,29.44%,12.30%,6.25%,10.34%,3.70%,4.50%,0.39%,5.56%,19.04%,7.98%,2.31%,4.40%,12.18%,18.75%,6.67%,25.00%,33.64%,15.18%,8.89%,12.86%,14.41%,21.43%,12.00%,0.00%,38.24%,16.07%,11.06%,15.25%,7.65%,0.00%,0.00%,50.00%,28.71%,15.96%,4.15%,5.95%,5.03%,5.97%,1.70%,2.17%,21.68%,9.16%,3.73%,6.85%,6.84%,7.32%,2.91%,4.17%,26.85%,10.96%,5.33%,9.33%,3.23%,3.41%,0.41%,0.00%,16.94%,6.94%,2.05%,3.94%,60,5,400,14925,90,105,10,3025,1985,8995,590,10300,45,90,5,1890,1195,6610,420,4500,25,10,5,1115,745,2305,160,3910,30,15,5,920,435,2225,135,2925,15,15,0,650,270,1755,90,905,0,0,5,290,170,380,25,10940,60,85,5,2060,1490,6735,455,7380,30,70,5,1235,870,4785,320,3540,15,10,0,815,570,1865,125,249595,1240,5295,265,12320,19170,205715,7710,128155,525,2605,130,6420,9715,105705,4060,121465,555,2585,90,5855,9335,99935,3640,32110,160,225,20,2735,2865,25020,1050,20300,70,125,10,1700,1680,15870,590,11825,50,65,10,1010,1065,9160,420,217490,1005,5000,230,9500,16260,180695,6645,107920,410,2405,120,4600,7935,89845,3430,109630,440,2455,80,4810,8210,90765,3170,260,285,655
ID,5.57%,7.64%,2.16%,5.77%,8.61%,7.92%,5.01%,5.89%,2.62,3.6,2.91,8.09%,10.84%,2.70%,8.00%,13.41%,11.23%,7.34%,8.14%,2.84%,3.65%,0.00%,2.22%,2.22%,4.24%,2.48%,3.03%,9.48%,10.42%,0.00%,0.00%,11.76%,9.01%,9.01%,6.82%,11.46%,14.81%,0.00%,0.00%,15.79%,10.96%,11.37%,8.24%,4.84%,0.00%,0.00%,0.00%,0.00%,3.31%,4.22%,0.00%,5.23%,6.50%,2.25%,5.15%,7.92%,7.82%,4.68%,5.97%,7.69%,10.40%,2.87%,6.82%,11.68%,11.31%,6.92%,8.30%,2.73%,2.99%,0.00%,2.08%,2.48%,4.05%,2.40%,3.15%,25,5,140,7325,155,40,30,130,1605,5160,345,5495,110,25,20,110,1180,3905,265,1805,35,0,5,15,415,1235,80,1000,25,0,0,20,160,725,45,795,20,0,0,15,125,605,35,175,0,0,0,0,20,115,0,6325,115,40,25,105,1445,4430,310,4680,90,25,15,80,1055,3305,235,1635,25,0,5,15,370,1130,75,131615,2030,1855,520,1510,20260,102960,5860,67955,1015,925,250,820,10505,53170,3255,63650,960,910,225,675,9780,49785,2640,10550,240,65,15,170,1775,8045,660,6940,135,35,10,95,1140,5320,425,3615,80,10,5,60,605,2725,245,120855,1770,1775,485,1325,18475,94745,5195,60860,865,870,220,685,9330,47760,2830,59955,835,875,215,605,9130,47010,2380,110,125,280
IL,9.66%,6.60%,1.81%,2.96%,24.95%,10.26%,5.54%,11.41%,1.06,19.41,4.71,12.28%,9.09%,2.73%,5.19%,29.11%,13.15%,7.79%,14.27%,6.92%,6.48%,0.60%,1.35%,20.73%,7.15%,3.10%,8.24%,16.67%,22.81%,3.42%,11.11%,30.43%,14.71%,11.30%,11.31%,19.45%,25.81%,4.68%,33.33%,33.48%,17.75%,13.72%,14.08%,11.05%,23.08%,1.67%,0.00%,24.64%,8.62%,5.83%,5.60%,8.63%,5.49%,1.54%,2.65%,23.72%,9.58%,4.73%,11.34%,10.87%,4.35%,2.31%,4.69%,27.77%,12.26%,6.67%,14.05%,6.47%,4.98%,0.52%,1.10%,20.10%,6.90%,2.78%,8.25%,290,60,530,90865,170,730,25,38190,19495,29275,3510,58920,115,555,20,22230,12715,21170,2430,31905,80,120,5,15845,6665,7960,1125,19920,65,65,5,8255,3405,7160,745,15085,40,55,5,5940,2605,5670,580,4640,15,10,0,2290,720,1285,135,70865,120,590,20,29825,15970,21990,2745,43740,45,440,15,16260,10045,15360,1805,27090,55,100,5,13485,5850,6520,925,940595,2575,40425,845,153075,190070,528175,30770,479905,1265,20315,385,76370,96715,271660,17030,460735,1235,19900,370,76445,93190,256645,13655,119505,285,1900,45,27125,23150,63380,6585,77570,155,1175,15,17740,14675,41315,4120,41995,65,600,15,9295,8355,22045,2410,821140,2185,38385,755,125715,166785,464770,24210,402410,1035,19075,320,58560,81950,230350,12850,418770,1105,19200,330,67085,84775,234500,11210,640,680,1470
IN,10.83%,8.01%,2.77%,1.47%,28.25%,12.93%,8.04%,11.56%,-0.03,20.21,4.89,14.21%,8.39%,4.46%,0.00%,33.94%,16.89%,11.04%,14.98%,7.30%,4.96%,0.46%,4.00%,22.49%,8.67%,4.85%,7.71%,18.90%,4.65%,4.55%,,33.97%,17.09%,15.58%,16.28%,22.26%,5.56%,9.38%,,37.87%,20.74%,18.91%,20.34%,12.43%,18.18%,0.00%,,26.16%,8.98%,9.47%,9.52%,9.52%,7.54%,2.54%,1.61%,26.97%,12.18%,6.83%,10.99%,12.48%,6.78%,4.06%,0.00%,32.69%,15.68%,9.39%,14.16%,6.74%,4.03%,0.47%,2.78%,21.90%,8.49%,4.34%,7.35%,180,35,195,55410,125,240,5,15765,5070,31085,2215,36980,65,185,0,9485,3355,21810,1515,18350,35,20,5,6240,1675,9180,695,13425,10,15,0,3485,745,8210,320,10205,5,15,0,2490,560,6465,240,3130,10,0,0,960,145,1750,70,41970,95,210,5,12245,4240,22815,1885,26770,40,160,0,6970,2680,15345,1255,15255,25,20,5,5260,1500,7400,605,511665,1560,8655,340,55800,39215,386725,19155,260320,775,4145,140,27950,19865,197555,10115,251365,705,4395,125,27750,19330,189205,9010,71025,215,330,0,10260,4360,52705,1965,45845,90,160,0,6575,2700,34180,1180,25190,55,130,0,3670,1615,18480,735,440630,1260,8260,310,45395,34800,334045,17145,214450,590,3940,125,21320,17090,163345,8860,226190,620,4235,125,24015,17675,170690,8235,295,260,680
KS,6.61%,6.37%,2.37%,0.00%,19.45%,9.51%,4.55%,9.93%,1.82,14.9,4.96,9.08%,9.50%,3.96%,0.00%,24.30%,12.61%,6.60%,13.40%,3.96%,3.03%,0.68%,0.00%,14.22%,5.98%,2.37%,5.72%,11.89%,9.64%,3.64%,0.00%,24.68%,14.48%,8.64%,19.42%,13.90%,13.04%,5.88%,0.00%,26.15%,16.22%,10.71%,21.96%,7.80%,4.00%,0.00%,,21.03%,12.24%,4.43%,13.71%,5.87%,5.84%,2.06%,0.00%,18.29%,8.80%,3.96%,8.89%,8.16%,9.00%,3.64%,0.00%,23.39%,12.03%,5.75%,12.36%,3.54%,3.05%,0.72%,0.00%,13.22%,5.41%,2.09%,4.94%,40,15,350,15235,220,140,0,3380,3385,7195,1680,10715,170,115,0,2160,2285,5370,1200,4450,50,20,0,1200,1040,1820,455,3330,40,10,0,775,575,1620,335,2500,30,10,0,540,395,1290,235,780,5,0,0,225,175,295,85,11875,175,115,0,2595,2775,5525,1350,8165,135,100,0,1585,1880,3985,970,3615,45,20,0,970,860,1465,360,230315,3455,5895,350,17380,35595,158255,16920,118060,1790,2905,140,8890,18115,81345,8955,112295,1650,2920,145,8440,17390,76815,7960,28010,415,275,20,3140,3970,18740,1725,17980,230,170,15,2065,2435,12050,1070,9995,125,90,0,1070,1430,6665,620,202335,2995,5575,320,14185,31535,139485,15180,100005,1500,2745,125,6775,15625,69305,7850,102245,1475,2795,145,7335,15890,70160,7285,215,240,570
KY,9.25%,6.82%,2.30%,0.00%,21.99%,8.25%,7.56%,8.66%,-0.75,14.42,0.69,12.36%,9.38%,3.72%,0.00%,26.81%,10.45%,10.47%,11.78%,5.95%,2.50%,0.71%,0.00%,16.72%,4.86%,4.47%,5.00%,17.29%,25.00%,0.00%,,33.49%,10.98%,14.32%,9.68%,20.40%,0.00%,0.00%,,36.48%,14.02%,17.27%,11.67%,9.85%,0.00%,0.00%,,23.55%,5.08%,7.03%,8.57%,8.26%,6.67%,2.25%,0.00%,20.02%,7.85%,6.77%,8.51%,10.93%,11.54%,3.61%,0.00%,24.23%,9.72%,9.29%,11.84%,5.64%,2.86%,0.72%,0.00%,15.91%,4.98%,4.24%,4.74%,115,15,215,30610,30,100,0,8170,915,20570,440,21060,15,80,0,5085,595,14695,325,9560,5,15,0,3035,260,5880,115,6230,5,0,0,1745,95,4155,45,5040,0,0,0,1335,75,3435,35,1115,0,0,0,365,15,645,15,24345,25,95,0,6380,800,16440,390,15930,15,75,0,3705,495,11195,290,8415,5,15,0,2640,250,5195,100,330950,440,4345,270,37155,11085,271920,5080,170380,160,2150,100,18970,5695,140350,2760,160595,200,2125,125,18150,5345,131555,2300,36025,20,110,0,5210,865,29015,465,24705,10,70,0,3660,535,19885,300,11325,10,40,0,1550,295,9170,175,294910,375,4215,255,31870,10185,242895,4585,145685,130,2080,90,15290,5095,120500,2450,149245,175,2075,125,16595,5025,122460,2110,225,260,590
LA,13.88%,11.63%,2.79%,0.00%,20.24%,10.24%,8.73%,10.04%,2.91,11.52,1.51,17.36%,15.23%,4.66%,30.77%,23.94%,13.78%,12.15%,13.64%,10.35%,7.61%,1.28%,0.00%,16.56%,5.90%,5.09%,5.29%,25.82%,29.41%,7.14%,0.00%,32.51%,20.37%,17.64%,18.60%,28.82%,38.10%,0.00%,0.00%,35.19%,21.43%,21.49%,18.52%,19.20%,18.18%,0.00%,,27.47%,5.56%,10.04%,25.00%,12.62%,9.81%,2.66%,15.38%,18.64%,9.49%,7.89%,9.44%,15.66%,12.99%,4.00%,36.36%,21.86%,12.64%,11.04%,13.09%,9.72%,6.59%,1.08%,0.00%,15.77%,5.50%,4.76%,4.31%,210,40,115,39550,235,135,0,25760,1045,12070,390,24980,150,115,20,15160,720,8600,300,14590,75,30,0,10590,295,3440,90,7065,50,10,0,4755,110,2060,40,5290,40,0,0,3480,75,1670,25,1735,10,0,0,1295,10,395,15,32510,180,125,20,20995,915,9995,345,19670,115,95,20,11680,615,6955,265,12830,60,25,0,9335,265,3025,70,284880,2020,4845,120,127245,10205,138290,3885,143885,985,2470,65,63320,5225,70765,2200,141020,985,2350,65,63935,5000,67555,1700,27365,170,140,10,14625,540,11680,215,18355,105,80,5,9890,350,7770,135,9035,55,50,0,4715,180,3935,60,257545,1835,4695,130,112620,9645,126600,3655,125570,885,2375,55,53440,4865,63005,2025,131980,910,2310,65,59210,4820,63605,1625,190,140,490
MA,7.77%,11.21%,2.58%,5.00%,15.91%,14.05%,5.62%,11.37%,5.59,10.29,8.42,10.29%,13.08%,3.49%,7.32%,19.78%,17.32%,7.78%,14.74%,5.14%,3.09%,1.12%,0.00%,11.72%,10.45%,3.33%,7.66%,14.79%,15.15%,6.90%,0.00%,20.85%,21.68%,11.28%,19.37%,17.18%,21.05%,7.28%,0.00%,22.63%,25.42%,13.40%,23.09%,10.58%,16.67%,5.60%,,15.79%,15.26%,7.69%,13.20%,6.40%,9.71%,2.08%,3.66%,14.41%,11.83%,4.55%,9.48%,8.57%,10.00%,2.81%,3.23%,18.51%,14.31%,6.42%,12.18%,4.37%,2.50%,0.82%,0.00%,10.50%,9.25%,2.76%,6.67%,135,25,245,36765,125,665,25,6325,9295,18430,2655,24815,70,450,15,4035,5865,12990,1860,11940,15,145,0,2260,3385,5355,815,11430,25,120,0,1715,3040,5725,830,8360,20,75,0,1170,2195,4295,620,3030,5,35,0,465,805,1435,200,25350,85,500,15,4545,6175,12605,1805,16480,40,330,5,2805,3595,8655,1205,8910,10,100,0,1710,2500,3930,605,473470,1115,25785,500,39760,66170,327775,23345,241055,535,12900,205,20395,33860,166910,12615,232425,485,12940,170,19280,32385,160890,10640,77300,165,1740,40,8225,14020,50750,4285,48675,95,1030,25,5170,8635,32060,2685,28635,30,625,0,2945,5275,18655,1515,396125,875,23985,410,31530,52190,276960,19040,192385,400,11760,155,15150,25125,134780,9890,203800,400,12205,160,16290,27030,142225,9070,285,290,650
MD,9.18%,9.45%,1.71%,4.93%,15.19%,6.69%,5.89%,5.16%,3.56,9.3,0.8,11.74%,11.45%,2.48%,5.67%,18.52%,8.92%,8.26%,6.87%,6.49%,6.50%,0.85%,3.00%,11.77%,4.41%,3.40%,3.28%,19.25%,12.12%,5.32%,8.70%,25.23%,12.06%,14.90%,10.24%,22.22%,15.79%,6.45%,10.20%,28.54%,14.94%,17.54%,10.53%,13.26%,10.00%,3.28%,5.00%,18.84%,6.71%,9.34%,6.12%,7.93%,8.11%,1.54%,4.19%,13.56%,5.99%,4.94%,4.83%,10.00%,10.00%,2.32%,4.76%,16.24%,7.98%,6.93%,6.30%,5.94%,6.36%,0.79%,3.25%,11.05%,4.09%,2.97%,3.13%,135,15,100,35645,120,410,135,21280,2785,9820,530,23325,75,305,80,13185,1900,7090,380,12320,40,100,40,8105,895,2745,155,8225,20,50,30,4925,580,2370,65,6330,15,40,25,3725,460,1870,40,1890,5,10,5,1215,115,490,15,27425,90,355,100,16345,2205,7445,465,17005,55,270,55,9445,1455,5210,325,10425,35,90,40,6895,760,2245,140,388445,1270,24015,2740,140060,41615,166745,10275,198620,655,12285,1410,71200,21305,85885,5530,189815,615,11745,1335,68885,20300,80840,4730,42735,165,940,345,19520,4810,15905,635,28485,95,620,245,13050,3080,10660,380,14255,50,305,100,6450,1715,5245,245,345685,1110,23095,2385,120560,36820,150820,9635,170135,550,11650,1155,58145,18235,75230,5160,175545,550,11440,1230,62420,18580,75595,4470,215,210,455
ME,6.77%,7.14%,1.05%,0.00%,11.67%,7.38%,6.60%,9.29%,0.54,5.07,0.78,9.42%,10.20%,1.56%,0.00%,15.52%,9.30%,9.19%,12.62%,4.01%,1.85%,0.00%,0.00%,5.98%,3.60%,3.77%,5.85%,13.05%,4.76%,0.00%,,15.07%,10.64%,12.72%,15.38%,15.98%,10.00%,0.00%,,17.39%,10.71%,15.73%,21.74%,7.84%,0.00%,0.00%,,11.11%,0.00%,7.08%,15.38%,5.51%,4.76%,1.14%,0.00%,9.70%,6.35%,5.37%,8.82%,7.75%,5.88%,1.77%,0.00%,12.50%,6.19%,7.52%,12.30%,3.35%,0.00%,0.00%,0.00%,5.77%,2.13%,3.26%,5.11%,25,0,85,5910,40,15,0,300,90,5315,190,4255,25,10,0,215,60,3835,135,1685,5,0,0,70,20,1460,55,1875,5,0,0,55,25,1690,30,1510,5,0,0,40,15,1380,25,385,0,0,0,10,0,320,10,4015,20,15,0,210,60,3610,160,2770,10,10,0,140,30,2480,115,1245,0,0,0,60,10,1115,45,87245,560,1435,60,2570,1220,80515,2045,45160,245,640,25,1385,645,41750,1070,42055,270,775,30,1170,555,38750,940,14365,105,85,0,365,235,13285,195,9450,50,35,0,230,140,8775,115,4910,25,20,0,90,70,4520,65,72900,420,1320,50,2165,945,67235,1815,35745,170,565,25,1120,485,32990,935,37170,210,720,20,1040,470,34245,880,90,100,205
MI,11.57%,9.77%,2.77%,0.75%,27.92%,12.82%,8.17%,12.26%,1.61,19.75,4.66,15.15%,11.98%,4.12%,1.89%,32.78%,16.16%,11.55%,16.89%,7.78%,5.85%,0.99%,0.00%,22.82%,8.34%,4.59%,6.59%,20.29%,16.56%,3.36%,0.00%,33.08%,19.09%,16.66%,16.56%,24.25%,16.13%,3.33%,0.00%,36.41%,22.46%,20.68%,21.00%,12.99%,5.77%,0.00%,,26.28%,7.91%,8.89%,9.15%,10.42%,8.46%,2.51%,0.82%,26.94%,11.78%,7.10%,11.58%,13.62%,9.35%,3.75%,2.13%,31.91%,14.91%,10.12%,16.02%,7.29%,4.62%,0.96%,0.00%,22.36%,8.07%,4.14%,6.00%,425,120,385,90090,665,570,5,34855,5160,46580,2650,60440,415,420,5,20810,3360,33815,1985,29540,190,100,0,14005,1615,12735,645,18340,135,25,0,6140,865,10540,405,14220,75,15,0,4420,620,8525,315,4115,15,0,0,1665,125,1975,75,71730,490,495,5,28605,4195,36020,2220,46315,265,365,5,16335,2660,25440,1640,25405,130,95,0,12275,1425,10585,535,778730,6805,20565,670,124835,40240,570345,21610,398840,3465,10205,265,63480,20795,292680,11755,379920,3250,10145,265,61370,19360,277645,9785,90370,815,745,5,18560,4530,63270,2445,58650,465,450,5,12140,2760,41215,1500,31685,260,195,0,6335,1580,22205,820,688335,5790,19695,610,106180,35605,507015,19170,340090,2835,9735,235,51185,17845,251455,10235,348270,2815,9895,240,54900,17665,255540,8920,510,750,1450
MN,5.40%,14.47%,2.45%,1.28%,19.08%,8.29%,3.47%,6.51%,10.99,15.6,4.82,7.32%,16.00%,3.91%,3.33%,23.20%,10.82%,5.07%,8.96%,3.37%,11.14%,1.05%,0.00%,14.59%,5.19%,1.76%,3.66%,13.36%,18.48%,7.13%,0.00%,33.70%,13.71%,9.13%,10.76%,15.40%,21.85%,9.45%,0.00%,36.29%,15.47%,11.07%,13.38%,8.63%,11.86%,1.52%,0.00%,28.43%,7.85%,4.40%,4.97%,4.14%,12.16%,2.07%,0.00%,15.20%,7.17%,2.64%,5.74%,5.53%,13.25%,3.05%,0.00%,18.50%,9.46%,3.84%,8.06%,2.80%,10.40%,0.95%,0.00%,12.39%,4.95%,1.45%,3.24%,115,15,455,23505,1140,615,5,7230,2260,11470,1295,16260,645,490,5,4465,1525,8560,950,7180,420,130,0,2695,680,2845,340,7845,340,145,0,2625,595,3770,275,6090,260,120,0,1860,430,3115,210,1650,70,10,0,735,115,575,45,15585,730,475,0,4550,1635,7615,995,10100,365,340,0,2600,1060,5390,720,5425,325,110,0,1955,570,2155,270,435550,7880,25060,390,37900,27260,330145,19895,222245,4030,12545,150,19245,14100,168675,10600,213260,3770,12375,175,18475,13100,161490,9285,58715,1840,2035,60,7790,4340,41290,2555,39535,1190,1270,25,5125,2780,28130,1570,19110,590,660,30,2585,1465,13065,905,376545,6005,22960,320,29935,22800,288655,17320,182630,2755,11135,120,14055,11200,140355,8930,193930,3125,11635,150,15775,11520,148280,8340,235,380,920
MO,10.26%,7.73%,2.51%,5.19%,27.21%,9.81%,6.82%,8.77%,0.91,20.39,2.99,13.47%,9.05%,3.62%,7.69%,32.10%,13.21%,9.80%,11.01%,6.83%,4.41%,1.47%,1.67%,22.31%,5.88%,3.60%,5.76%,17.03%,4.35%,5.13%,0.00%,32.47%,11.91%,12.80%,12.63%,19.93%,7.14%,4.65%,0.00%,35.26%,14.50%,15.72%,16.36%,10.79%,0.00%,0.00%,0.00%,26.35%,5.15%,5.97%,3.33%,9.32%,6.79%,2.40%,5.65%,26.25%,9.27%,6.00%,8.52%,12.23%,8.43%,3.37%,8.47%,31.08%,12.34%,8.65%,10.68%,6.47%,3.70%,1.29%,1.43%,21.69%,5.57%,3.34%,5.53%,170,40,295,46380,165,205,35,19785,1740,23455,740,31240,95,145,25,11760,1215,17375,495,15025,45,60,5,8025,500,6000,225,9235,10,20,0,3630,190,5100,60,7190,10,10,0,2595,145,4180,45,1960,0,0,0,975,25,790,5,37060,125,185,35,16140,1490,18250,675,23950,70,125,25,9090,995,13050,445,13040,35,50,5,6975,440,5120,205,451860,2135,8160,675,72710,17735,343960,8440,231965,1050,4010,325,36635,9200,177330,4495,219935,1020,4070,300,35970,8500,166625,3905,54215,230,390,30,11180,1595,39835,475,36075,140,215,15,7360,1000,26585,275,18165,55,140,5,3700,485,13240,150,397635,1840,7695,620,61480,16075,304185,7925,195895,830,3710,295,29245,8060,150780,4165,201685,945,3890,290,32160,7900,153400,3710,340,365,925
MS,15.95%,4.55%,3.26%,,22.92%,6.72%,8.51%,4.94%,-3.96,14.41,-1.78,20.37%,2.50%,5.00%,300.00%,28.51%,8.62%,11.99%,5.80%,11.43%,2.44%,0.88%,250.00%,17.43%,4.08%,4.84%,1.71%,24.56%,0.00%,0.00%,,30.99%,5.56%,15.43%,5.00%,28.04%,0.00%,0.00%,,35.03%,9.38%,18.84%,7.69%,16.69%,0.00%,0.00%,,22.92%,0.00%,7.33%,0.00%,15.08%,2.60%,2.97%,216.67%,21.99%,6.29%,7.89%,4.49%,19.29%,3.23%,4.84%,300.00%,27.53%,8.10%,11.18%,5.85%,11.06%,2.63%,0.90%,125.00%,16.95%,4.03%,4.66%,1.78%,150,45,105,36695,20,80,65,27320,350,8730,100,23615,5,65,45,16885,235,6280,65,13045,5,10,25,10450,100,2430,15,5100,0,0,0,3755,15,1275,5,3905,0,0,0,2850,15,1035,5,1140,0,0,0,910,0,200,0,31560,10,70,65,23545,310,7445,85,19670,5,60,45,14055,205,5240,60,11870,5,10,25,9495,95,2215,15,230060,440,2455,30,119205,5205,102600,2025,115930,200,1300,15,59225,2725,52375,1120,114105,205,1135,10,59960,2450,50205,875,20765,35,55,0,12115,270,8265,100,13925,25,40,0,8135,160,5495,65,6830,5,10,0,3970,70,2730,25,209290,385,2360,30,107065,4925,94345,1895,101970,155,1240,15,51050,2530,46855,1025,107310,190,1115,10,56020,2355,47505,845,160,195,425
MT,6.58%,16.83%,0.00%,3.23%,7.20%,6.68%,5.17%,18.72%,11.67,2.03,1.52,9.09%,21.36%,0.00%,7.14%,11.29%,8.33%,7.35%,21.70%,3.81%,12.72%,0.00%,0.00%,0.00%,1.55%,2.69%,13.89%,12.92%,20.11%,0.00%,,9.09%,11.90%,11.51%,18.42%,15.31%,24.78%,0.00%,,16.67%,14.29%,13.90%,17.39%,6.72%,8.77%,,,0.00%,0.00%,6.08%,7.69%,5.65%,15.92%,0.00%,3.45%,4.59%,4.84%,4.28%,19.73%,7.91%,20.21%,0.00%,7.14%,6.00%,6.04%,6.03%,22.62%,3.39%,11.86%,0.00%,0.00%,0.00%,1.16%,2.33%,13.79%,15,5,215,4425,1175,0,5,45,140,2885,175,3140,755,0,5,35,90,2115,115,1245,435,0,0,0,15,730,50,935,180,0,0,5,25,665,35,735,140,0,0,5,20,535,20,160,25,0,0,0,0,115,5,3385,965,0,5,25,90,2140,145,2350,585,0,5,15,55,1500,95,1025,370,0,0,0,10,585,40,67240,6980,585,155,625,2095,55845,935,34555,3535,220,70,310,1080,28775,530,32675,3420,300,65,250,965,27095,360,7235,895,20,0,55,210,5780,190,4800,565,5,0,30,140,3850,115,2380,285,0,0,10,60,1890,65,59880,6060,550,145,545,1860,49945,735,29725,2895,200,70,250,910,24860,420,30265,3120,290,65,215,865,25085,290,195,155,350
NC,13.43%,21.43%,2.50%,6.04%,24.57%,12.38%,8.21%,9.66%,13.22,16.36,4.17,17.94%,27.95%,3.66%,7.95%,31.09%,17.25%,11.82%,13.00%,8.74%,14.59%,1.01%,1.22%,17.90%,7.24%,4.41%,5.41%,23.15%,26.40%,2.01%,11.11%,30.95%,19.06%,17.99%,11.52%,27.14%,29.38%,2.27%,20.00%,34.59%,24.20%,22.06%,14.98%,15.29%,17.65%,0.00%,0.00%,23.50%,8.91%,9.90%,3.98%,12.14%,20.65%,2.40%,5.88%,23.39%,11.58%,7.05%,9.19%,16.27%,27.28%,3.62%,6.33%,30.16%,16.20%,10.18%,12.43%,8.17%,13.81%,0.98%,1.20%,17.25%,7.06%,3.97%,5.36%,430,110,195,99630,2335,475,55,50145,10345,32650,3355,67885,1540,350,35,32130,7350,24140,2495,31755,780,95,5,18045,2960,8520,840,20225,400,15,5,9750,1635,7580,560,15720,285,10,5,7285,1330,6190,465,4505,90,0,0,2455,275,1395,70,79410,1930,440,50,40365,8680,25065,2740,52135,1225,330,25,24815,6010,17935,1995,27285,665,90,5,15580,2670,7110,735,741660,10895,19025,910,204100,83560,397590,34715,378310,5510,9555,440,103340,42620,204260,19185,363390,5345,9425,410,100795,40890,193295,15525,87375,1515,745,45,31505,8580,42135,4860,57925,970,440,25,21060,5495,28065,3105,29465,510,245,15,10445,3085,14095,1760,654335,9345,18320,850,172600,74935,355460,29830,320380,4490,9110,395,82280,37095,176225,16050,333935,4815,9175,370,90300,37795,179200,13720,465,495,1020
ND,3.20%,11.28%,0.00%,0.00%,4.94%,4.35%,2.21%,5.37%,9.07,2.73,2.14,4.29%,14.70%,0.00%,0.00%,7.46%,6.14%,3.07%,6.88%,1.77%,8.61%,0.00%,0.00%,2.48%,1.79%,1.08%,3.66%,4.93%,10.78%,0.00%,,3.13%,2.86%,3.60%,9.38%,6.28%,11.32%,0.00%,,4.76%,5.00%,4.98%,10.81%,2.31%,6.35%,0.00%,,0.00%,0.00%,0.90%,8.00%,2.97%,11.65%,0.00%,0.00%,4.76%,3.55%,2.06%,3.86%,3.92%,15.11%,0.00%,0.00%,7.14%,6.90%,2.84%,6.25%,1.69%,8.43%,0.00%,0.00%,2.80%,1.98%,1.06%,3.57%,5,0,145,1495,480,0,0,65,50,865,95,1025,305,0,0,50,35,615,65,405,180,0,0,15,10,205,30,290,90,0,0,5,5,165,30,235,60,0,0,5,5,145,20,50,20,0,0,0,0,15,10,1215,395,0,0,55,35,710,55,790,235,0,0,40,30,485,45,350,150,0,0,15,10,185,25,46775,4255,600,60,1315,1150,39125,1770,23905,2075,315,30,670,570,20010,945,22840,2090,275,20,605,560,19055,820,5885,835,30,0,160,175,4580,320,3745,530,20,0,105,100,2910,185,2160,315,5,0,55,45,1665,125,40895,3390,565,55,1155,985,34540,1425,20170,1555,290,25,560,435,17065,720,20700,1780,265,20,535,505,17440,700,35,60,195
NE,7.70%,13.14%,3.88%,3.03%,31.15%,9.21%,5.32%,9.18%,7.81,25.83,3.89,10.33%,15.13%,5.34%,7.14%,36.45%,12.43%,7.44%,11.96%,4.88%,8.72%,2.14%,0.00%,25.47%,5.61%,2.95%,5.04%,15.28%,17.53%,8.11%,0.00%,49.83%,14.76%,11.30%,13.92%,18.46%,20.00%,8.00%,,56.38%,18.92%,13.80%,20.00%,8.97%,17.24%,0.00%,,40.00%,7.04%,5.93%,3.13%,6.53%,11.05%,3.22%,3.45%,27.57%,8.44%,4.39%,8.26%,8.59%,12.57%,4.72%,9.09%,32.09%,11.14%,6.04%,10.27%,4.41%,8.06%,1.87%,0.00%,23.40%,5.43%,2.59%,4.91%,35,10,265,10850,310,110,5,2665,1935,5420,415,7505,180,75,5,1635,1350,3905,290,3330,95,30,0,1015,565,1455,105,2850,85,15,0,715,400,1485,55,2225,60,10,0,530,315,1180,45,595,25,0,0,190,70,275,5,7980,200,85,5,1945,1540,3895,340,5210,105,60,5,1120,1020,2660,225,2715,75,25,0,820,490,1160,95,140890,2360,2835,165,8555,21005,101835,4520,72655,1190,1405,70,4485,10865,52520,2425,68255,1090,1400,50,3985,10080,49335,2085,18650,485,185,10,1435,2710,13140,395,12055,300,125,0,940,1665,8550,225,6635,145,50,0,475,995,4635,160,122230,1810,2640,145,7055,18250,88730,4115,60645,835,1270,55,3490,9155,44010,2190,61615,930,1335,50,3505,9030,44715,1935,115,135,430
NH,8.59%,5.19%,2.33%,0.00%,21.13%,11.31%,8.32%,9.40%,-3.13,12.8,2.99,11.71%,5.71%,4.15%,0.00%,26.73%,14.43%,11.41%,11.93%,5.16%,2.78%,0.41%,0.00%,13.17%,7.20%,4.98%,7.44%,17.08%,10.00%,10.71%,,28.79%,21.77%,16.57%,20.00%,20.32%,16.67%,20.00%,,39.47%,26.32%,19.43%,25.93%,11.27%,0.00%,0.00%,,21.74%,14.29%,11.03%,13.33%,7.33%,3.08%,1.87%,0.00%,19.31%,9.68%,7.12%,8.61%,10.22%,3.85%,2.80%,0.00%,23.12%,12.26%,9.92%,10.58%,4.54%,3.13%,0.44%,0.00%,11.70%,6.11%,4.40%,7.11%,25,5,55,8505,20,60,0,450,435,7415,220,5975,10,55,0,290,290,5240,145,2475,5,5,0,135,130,2150,80,2605,5,15,0,95,135,2300,45,1985,5,15,0,75,100,1730,35,620,0,0,0,25,30,550,10,5965,10,45,0,335,305,5185,180,4095,5,35,0,200,190,3550,110,1875,5,5,0,100,95,1630,70,99025,385,2580,40,2130,3845,89075,2340,51025,175,1325,15,1085,2010,45910,1215,47970,180,1225,10,1025,1805,43190,1075,15250,50,140,0,330,620,13880,225,9770,30,75,0,190,380,8905,135,5500,10,50,0,115,210,4985,75,81345,325,2405,30,1735,3150,72815,2090,40065,130,1250,10,865,1550,35795,1040,41285,160,1140,10,855,1555,37060,985,85,80,170
NJ,7.55%,6.08%,1.52%,4.72%,17.79%,10.55%,4.66%,5.57%,1.42,13.13,5.89,9.99%,4.76%,2.20%,5.71%,22.22%,13.75%,6.62%,7.15%,4.98%,4.48%,0.56%,4.35%,13.17%,7.07%,2.61%,3.23%,13.75%,11.76%,2.35%,50.00%,23.11%,15.80%,9.50%,9.64%,15.89%,11.11%,3.13%,100.00%,26.07%,18.19%,11.33%,11.76%,9.47%,0.00%,0.57%,100.00%,17.43%,10.48%,5.62%,5.56%,6.40%,5.26%,1.37%,2.05%,16.22%,9.41%,3.78%,5.20%,8.52%,2.13%,1.91%,2.06%,20.57%,12.29%,5.43%,6.65%,4.42%,3.77%,0.43%,1.96%,12.27%,6.41%,2.20%,3.02%,135,25,350,48320,45,885,50,17635,12410,16690,915,32605,15,650,30,11125,8270,12125,630,15625,15,160,20,6465,4055,4565,245,13870,10,70,25,5025,3190,5220,80,10450,5,60,15,3670,2335,4100,60,3320,0,5,10,1320,765,1055,15,34475,30,755,20,12555,9160,11480,805,22195,5,525,10,7390,5810,7985,545,12310,10,120,10,5085,3210,3445,220,639715,740,58200,1060,99140,117645,358435,16440,326300,315,29550,525,50070,60150,183270,8815,313455,335,28590,460,49105,57340,175170,7595,100865,85,2980,50,21745,20185,54935,830,65780,45,1915,15,14080,12840,36200,510,35070,20,870,10,7575,7300,18770,270,538885,570,55220,975,77410,97350,303545,15495,260505,235,27535,485,35930,47270,147115,8200,278355,265,27655,425,41435,50065,156355,7290,355,405,825
NM,12.79%,14.44%,3.94%,0.00%,17.23%,14.54%,8.27%,13.84%,6.17,8.96,6.27,16.42%,18.46%,5.45%,0.00%,21.21%,18.36%,11.18%,16.94%,9.00%,10.33%,1.90%,0.00%,11.58%,10.57%,5.06%,9.72%,18.99%,22.76%,12.50%,0.00%,25.00%,20.11%,13.09%,18.12%,22.05%,25.46%,11.76%,0.00%,30.99%,23.47%,15.98%,21.35%,12.30%,16.23%,14.29%,,20.69%,13.53%,6.67%,12.10%,11.88%,13.13%,3.46%,0.00%,15.85%,13.69%,7.54%,12.45%,15.29%,16.99%,4.50%,0.00%,19.16%,17.36%,10.17%,15.46%,8.66%,9.75%,1.49%,0.00%,10.55%,10.22%,4.84%,9.22%,85,10,115,20285,2440,85,0,585,13340,3510,2675,13270,1585,60,0,385,8540,2435,1805,6995,855,20,0,180,4775,1045,840,3785,545,15,0,135,2315,665,740,2905,415,10,0,110,1745,545,570,840,125,5,0,30,550,110,170,16470,1895,70,0,450,10975,2820,1900,10340,1175,45,0,275,6780,1870,1235,6145,730,15,0,145,4200,920,665,158555,16900,2155,140,3395,91735,42440,19325,80800,8585,1100,45,1815,46510,21780,10655,77760,8275,1050,60,1555,45155,20650,8640,19935,2395,120,10,540,11510,5080,4085,13175,1630,85,5,355,7435,3410,2670,6830,770,35,0,145,4065,1650,1405,138595,14435,2025,120,2840,80190,37380,15260,67645,6915,1000,40,1435,39060,18385,7990,70930,7490,1005,60,1375,41100,19000,7215,155,150,345
NV,9.32%,11.11%,2.75%,7.89%,20.01%,10.19%,6.75%,15.05%,4.37,13.26,3.45,12.65%,14.89%,3.90%,9.86%,26.01%,13.75%,9.59%,19.46%,5.79%,7.00%,1.37%,5.86%,13.45%,6.46%,3.75%,9.01%,28.06%,17.98%,14.15%,26.32%,55.27%,26.70%,19.33%,26.70%,32.92%,22.41%,18.67%,25.93%,63.23%,31.46%,23.38%,31.28%,18.70%,10.00%,3.45%,27.27%,39.66%,17.76%,11.54%,17.07%,7.20%,9.64%,2.29%,6.63%,13.36%,8.41%,5.33%,11.41%,9.60%,11.82%,3.08%,8.30%,16.68%,11.26%,7.53%,14.98%,4.80%,6.10%,1.32%,5.34%,10.14%,5.61%,3.15%,7.04%,90,15,55,20575,280,375,225,4440,8675,5610,2670,14360,195,275,145,3020,6005,4095,1985,6210,85,90,80,1420,2675,1515,680,6310,80,75,50,1940,2220,1645,1120,4890,65,70,35,1470,1705,1320,865,1425,15,5,15,470,515,330,245,14270,200,300,175,2495,6455,3980,1545,9470,120,205,110,1550,4310,2790,1115,4780,65,85,70,950,2160,1185,430,220740,2520,13635,2850,22190,85105,83165,17740,113505,1310,7055,1470,11610,43685,42715,10200,107220,1215,6575,1365,10555,41405,40450,7545,22490,445,530,190,3510,8315,8510,4195,14855,290,375,135,2325,5420,5645,2765,7620,150,145,55,1185,2900,2860,1435,198250,2075,13100,2640,18675,76790,74655,13545,98650,1015,6665,1325,9290,38265,37070,7445,99595,1065,6420,1305,9370,38515,37600,6110,105,105,235
NY,6.97%,8.99%,1.76%,0.91%,17.82%,8.53%,5.14%,6.59%,3.85,12.69,3.39,9.28%,11.41%,2.76%,2.63%,21.78%,11.21%,7.15%,8.57%,4.54%,5.76%,0.53%,0.00%,13.66%,5.55%,3.00%,3.70%,13.69%,15.27%,3.01%,0.00%,25.72%,14.29%,10.61%,8.90%,15.91%,16.00%,4.04%,,28.78%,16.64%,12.65%,11.58%,9.26%,9.30%,0.00%,,19.09%,8.42%,6.56%,3.03%,5.88%,7.46%,1.54%,0.98%,15.95%,7.42%,4.27%,5.85%,7.84%,9.54%,2.30%,2.94%,19.37%,9.67%,6.04%,7.39%,3.97%,4.17%,0.44%,0.00%,12.56%,5.00%,2.57%,3.40%,195,45,495,61280,410,665,5,18365,8780,32000,1375,41715,255,525,5,11475,5915,22795,975,19500,120,100,0,6855,2780,9120,345,16870,100,55,0,5025,2255,8920,325,12640,60,45,0,3595,1660,6890,260,4055,20,0,0,1325,480,1940,40,44405,280,555,5,13265,6445,23030,1005,29030,165,410,5,7755,4120,15950,670,15325,75,80,0,5415,2215,7045,270,879245,4560,37840,550,103035,102960,622880,20865,449635,2235,18995,190,52695,52775,318820,11380,429580,2085,18720,210,50170,50130,304130,9315,123220,655,1825,5,19535,15785,84095,3650,79455,375,1115,0,12490,9975,54485,2245,43780,215,585,0,6940,5700,29595,1320,755650,3755,35930,510,83180,86895,538760,17175,370045,1730,17790,170,40030,42590,264280,9070,385620,1800,18005,185,43120,44295,274510,7950,520,525,1255
OH,9.53%,2.33%,1.94%,6.12%,25.58%,11.62%,6.55%,12.19%,-4.22,19.04,5.08,12.49%,3.03%,3.21%,0.00%,30.36%,15.10%,9.14%,15.26%,6.37%,2.47%,0.42%,5.26%,20.29%,7.00%,3.74%,7.44%,16.59%,10.53%,1.96%,0.00%,31.16%,15.48%,12.37%,14.34%,19.65%,12.50%,1.79%,,34.08%,17.75%,15.32%,20.36%,10.59%,0.00%,0.00%,,25.09%,9.21%,6.30%,8.33%,8.29%,3.03%,1.86%,2.33%,24.10%,10.26%,5.58%,11.68%,10.86%,2.74%,2.87%,0.00%,29.13%,13.05%,7.78%,14.53%,5.79%,3.13%,0.43%,0.00%,19.45%,6.45%,3.36%,7.15%,285,60,565,83025,25,280,15,30645,2950,44450,1245,56040,15,225,0,18560,1965,32090,870,26910,10,30,5,11885,855,12275,335,21370,10,10,0,7535,555,11740,205,16285,5,5,0,5310,395,9365,170,4865,0,0,0,2135,105,2130,40,61545,25,255,5,22915,2220,32570,1020,39695,10,190,0,13175,1385,22545,685,21785,10,30,0,9685,695,9880,280,871275,1075,14410,245,119780,25380,678885,10215,448845,495,7020,90,61140,13015,350920,5700,422455,405,7205,95,58575,12210,328000,4505,128845,95,510,5,24185,3585,94945,1430,82875,40,280,0,15580,2225,61115,835,45935,5,155,0,8510,1140,33825,480,742010,825,13735,215,95095,21630,583725,8735,365665,365,6630,70,45225,10610,289660,4715,376265,320,6920,80,49785,10770,294110,3915,610,735,1520
OK,9.89%,8.08%,3.09%,8.87%,22.02%,14.54%,7.65%,15.60%,0.43,14.37,6.89,12.86%,10.72%,4.33%,9.84%,26.22%,18.17%,10.44%,19.25%,6.68%,4.93%,1.42%,5.45%,17.25%,10.47%,4.61%,11.09%,14.41%,11.81%,8.00%,20.00%,25.79%,18.69%,11.36%,20.39%,17.76%,14.11%,11.11%,33.33%,29.83%,23.66%,14.33%,23.68%,8.22%,6.13%,0.00%,0.00%,18.67%,11.03%,5.31%,13.95%,9.05%,7.19%,2.89%,7.02%,20.94%,13.98%,6.95%,14.61%,11.73%,9.47%,3.85%,9.09%,25.06%,17.06%,9.43%,17.96%,6.41%,4.38%,1.48%,4.84%,16.65%,10.38%,4.37%,10.44%,100,25,305,28195,3740,180,55,6410,4820,12055,1750,18835,2530,125,30,3865,3100,8510,1175,9265,1120,40,15,2470,1680,3510,565,6065,905,20,5,1435,685,2690,370,4750,675,15,5,1065,530,2150,270,1265,170,0,0,365,145,455,90,21995,2780,160,40,4915,4115,9305,1370,14035,1780,105,25,2780,2515,6275,890,7910,870,40,15,2045,1520,2945,460,285025,46310,5830,620,29110,33150,157660,11220,146470,23610,2885,305,14740,17060,81545,6105,138660,22710,2820,275,14315,16050,76090,5095,42090,7660,250,25,5565,3665,23690,1815,26750,4785,135,15,3570,2240,15005,1140,15380,2775,90,5,1955,1315,8565,645,242970,38665,5535,570,23475,29425,133960,9375,119700,18805,2725,275,11095,14745,66565,4955,123310,19850,2705,275,12280,14645,67440,4405,285,460,780
OR,8.17%,12.50%,2.52%,7.12%,17.91%,10.41%,7.21%,11.63%,5.29,10.69,3.2,11.34%,15.45%,3.81%,8.84%,23.35%,14.02%,10.23%,15.59%,4.83%,8.05%,1.07%,5.59%,11.71%,6.57%,4.03%,6.95%,14.86%,15.57%,5.79%,12.00%,25.40%,15.87%,13.45%,13.93%,17.96%,19.44%,5.19%,12.50%,32.05%,19.21%,16.49%,17.55%,8.55%,7.41%,2.44%,0.00%,15.85%,10.50%,7.08%,6.73%,7.18%,10.52%,2.38%,6.29%,15.44%,9.44%,6.32%,11.22%,10.03%,13.61%,3.55%,7.32%,19.88%,12.91%,9.01%,15.17%,4.42%,7.46%,0.93%,4.60%,10.59%,6.10%,3.71%,6.73%,65,5,160,22175,665,280,130,1180,5575,13045,1500,15775,425,210,80,795,3845,9510,1105,6385,210,60,50,370,1715,3540,400,5135,130,35,15,320,1160,3075,395,4085,105,20,10,250,895,2505,315,1010,20,5,0,65,275,540,70,17005,475,250,105,820,4365,9990,1125,11670,300,180,60,515,2935,7005,805,5320,175,50,40,285,1430,2980,315,271465,5320,11110,1825,6590,53560,180835,12900,139145,2750,5505,905,3405,27420,92955,7090,132330,2610,5595,895,3160,26120,87900,5755,34550,835,605,125,1260,7310,22870,2835,22745,540,385,80,780,4660,15190,1795,11810,270,205,20,410,2620,7625,1040,236880,4515,10485,1670,5310,46240,158035,10030,116365,2205,5075,820,2590,22730,77745,5305,120485,2345,5380,840,2690,23455,80285,4680,190,215,490
PA,7.99%,2.62%,1.67%,2.11%,23.77%,15.61%,5.32%,9.18%,-2.7,18.45,10.29,10.39%,1.61%,2.50%,1.56%,27.54%,19.55%,7.42%,12.16%,5.46%,1.96%,0.35%,5.97%,19.74%,11.21%,3.07%,5.78%,13.96%,2.56%,2.43%,0.00%,28.43%,22.29%,10.25%,13.15%,16.29%,0.00%,2.13%,0.00%,30.50%,25.88%,12.55%,16.54%,9.74%,0.00%,0.00%,0.00%,23.77%,16.13%,6.05%,8.23%,6.86%,1.46%,1.52%,3.15%,22.34%,13.91%,4.42%,7.88%,8.92%,1.27%,2.26%,0.00%,26.13%,17.42%,6.22%,10.51%,4.86%,1.27%,0.32%,3.70%,18.61%,10.19%,2.64%,4.99%,205,60,440,65155,35,375,15,20060,8830,34045,1570,43530,10,275,5,11835,5665,24495,1100,21625,10,40,20,8155,3080,9510,460,18130,5,30,0,4995,2365,10070,415,13505,0,15,0,3385,1720,7890,315,4580,0,0,0,1500,625,2135,95,46980,15,320,20,14905,6365,23950,1095,29980,5,230,0,8310,3855,16600,740,16960,5,35,15,6490,2390,7250,335,814960,1335,22470,710,84385,56560,639490,17095,419040,620,11020,320,42970,28980,329935,9045,395880,510,11355,335,41310,27470,309525,7965,129865,195,1235,70,17570,10610,98200,3155,82890,85,705,35,11100,6645,62870,1905,47025,45,460,25,6310,3875,35280,1155,685140,1025,21115,635,66725,45755,541320,13895,336210,395,10175,275,31805,22135,267080,7040,348890,395,10820,295,34870,23455,274225,6720,470,470,1155
RI,14.17%,21.28%,7.41%,15.00%,24.19%,21.45%,10.86%,17.31%,10.41,13.33,10.59,18.77%,21.28%,11.29%,18.18%,30.52%,27.58%,14.65%,23.51%,9.37%,14.29%,2.05%,11.11%,16.97%,14.74%,6.77%,10.04%,23.86%,19.23%,16.00%,50.00%,36.74%,34.10%,17.99%,30.77%,27.27%,18.75%,20.00%,33.33%,40.28%,40.19%,19.19%,41.46%,16.83%,12.50%,0.00%,100.00%,23.19%,21.38%,14.29%,4.55%,12.40%,17.91%,6.78%,0.00%,20.80%,18.69%,9.65%,15.51%,16.56%,23.33%,11.04%,0.00%,26.16%,23.63%,13.41%,20.51%,8.47%,13.51%,2.17%,0.00%,15.34%,13.85%,5.99%,9.41%,40,10,15,9770,100,140,15,1385,2935,4865,515,6645,50,105,10,905,1935,3380,375,3140,35,20,5,465,980,1470,140,2535,25,20,10,395,815,1170,100,1925,15,15,5,290,635,830,85,605,5,0,5,80,170,310,5,7230,60,120,0,965,2115,3695,415,4695,35,90,0,590,1290,2515,280,2535,25,20,0,365,810,1170,120,68935,470,1890,100,5725,13685,44790,2975,35410,235,930,55,2965,7015,23065,1595,33525,245,975,45,2740,6650,21725,1395,10625,130,125,20,1075,2390,6505,325,7060,80,75,15,720,1580,4325,205,3595,40,40,5,345,795,2170,110,58295,335,1770,80,4640,11315,38285,2675,28355,150,815,40,2255,5460,18750,1365,29945,185,920,35,2380,5850,19535,1275,45,50,100
SC,16.18%,16.83%,3.45%,10.00%,26.11%,12.54%,10.24%,9.61%,6.59,15.87,2.3,20.74%,17.27%,5.01%,13.04%,32.12%,17.12%,14.01%,13.41%,11.30%,13.13%,1.24%,4.65%,19.81%,7.28%,6.18%,5.03%,25.62%,17.24%,2.70%,33.33%,33.45%,19.10%,18.88%,16.42%,29.53%,23.53%,4.17%,50.00%,37.84%,22.98%,22.22%,20.44%,17.28%,20.00%,0.00%,,24.16%,8.33%,11.55%,5.68%,14.87%,15.47%,3.18%,8.60%,24.78%,11.78%,9.23%,8.80%,19.07%,17.78%,4.48%,11.90%,30.69%,16.19%,12.70%,12.38%,10.75%,11.96%,1.07%,4.08%,19.28%,6.83%,5.76%,5.10%,275,40,60,59730,175,170,50,35010,2450,20650,1450,39490,95,125,30,22080,1725,14655,1085,20205,65,30,10,12945,685,6000,350,11475,25,5,5,6845,360,4015,225,8940,20,5,5,5265,285,3195,185,2505,5,0,0,1590,50,795,25,48240,140,150,40,28155,2080,16650,1205,30545,80,105,25,16820,1430,11460,890,17670,55,25,10,11335,600,5195,330,369260,1040,4925,500,134080,19535,201695,15090,190435,550,2495,230,68740,10075,104575,8090,178845,495,2410,215,65360,9405,97125,6960,44785,145,185,15,20465,1885,21265,1370,30275,85,120,10,13915,1240,14380,905,14500,25,55,0,6580,600,6885,440,324440,905,4720,465,113630,17655,180445,13690,160140,450,2345,210,54810,8835,90205,7190,164320,460,2335,205,58790,8790,90225,6470,240,220,500
SD,5.58%,20.85%,3.79%,0.00%,12.66%,8.53%,3.48%,12.67%,17.37,9.18,5.05,7.27%,23.68%,5.50%,0.00%,16.27%,10.71%,4.88%,14.02%,3.69%,16.37%,0.98%,0.00%,8.28%,5.39%,1.88%,11.76%,11.42%,21.16%,0.00%,,28.13%,20.00%,7.97%,33.33%,13.18%,24.39%,0.00%,,31.58%,23.08%,9.68%,35.71%,6.78%,13.11%,0.00%,,30.00%,21.43%,4.70%,20.00%,4.84%,20.10%,2.48%,0.00%,11.11%,7.22%,2.91%,11.72%,6.21%,23.36%,4.95%,0.00%,13.57%,8.95%,4.17%,12.24%,3.42%,17.24%,1.01%,0.00%,7.52%,4.35%,1.65%,11.11%,15,5,245,3540,1205,40,0,200,185,1805,190,2385,695,30,0,135,120,1315,115,1130,460,5,0,60,55,470,80,720,200,0,0,45,45,380,40,545,150,0,0,30,30,305,25,145,40,0,0,15,15,75,10,2765,970,25,0,155,140,1370,160,1780,535,25,0,95,85,990,90,975,425,5,0,50,40,385,70,63445,5780,1055,40,1580,2170,51880,1500,32820,2935,545,20,830,1120,26920,820,30645,2810,510,10,725,1020,24985,680,6305,945,45,0,160,225,4770,120,4135,615,30,0,95,130,3150,70,2140,305,5,0,50,70,1595,50,57145,4825,1010,35,1395,1940,47080,1365,28670,2290,505,20,700,950,23725,735,28480,2465,495,10,665,920,23330,630,150,165,330
TN,12.94%,7.65%,3.75%,5.56%,29.16%,10.54%,7.32%,10.89%,0.34,21.84,3.22,16.34%,10.58%,5.40%,7.27%,34.88%,14.65%,9.99%,14.10%,9.38%,2.27%,2.37%,2.08%,23.36%,5.54%,4.51%,6.37%,18.84%,5.26%,2.78%,0.00%,34.84%,15.41%,11.44%,19.82%,22.17%,8.33%,4.76%,0.00%,40.01%,18.35%,13.94%,23.29%,12.78%,0.00%,0.00%,0.00%,25.60%,8.00%,6.78%,12.16%,12.08%,6.36%,3.70%,5.15%,28.09%,9.94%,6.76%,9.73%,15.24%,8.43%,5.20%,6.25%,33.56%,14.24%,9.26%,12.50%,9.01%,2.44%,2.25%,1.92%,23.04%,4.93%,4.27%,5.79%,205,60,235,60665,75,305,30,34495,2085,23260,1145,39140,55,220,20,20760,1510,16315,830,21520,10,95,5,13730,525,6970,295,11225,5,15,0,6425,275,4385,225,8420,5,15,0,4705,200,3410,170,2760,0,0,0,1705,50,940,45,49430,55,280,25,28045,1790,18895,910,30710,35,195,15,16020,1305,12865,640,18715,10,85,5,12005,435,6010,245,468805,980,8125,540,118300,19790,317900,10515,239475,520,4075,275,59515,10305,163395,5885,229335,440,4015,240,58785,9475,154500,4630,59570,95,540,15,18440,1785,38345,1135,37985,60,315,10,11760,1090,24460,730,21590,5,220,5,6660,625,13870,370,409215,865,7570,485,99855,18010,279565,9355,201500,415,3750,240,47730,9165,138885,5120,207740,410,3770,225,52095,8815,140650,4230,320,310,695
TX,8.62%,4.58%,1.85%,4.97%,19.48%,9.26%,4.15%,12.86%,0.43,15.33,5.11,11.28%,5.94%,2.68%,6.34%,23.73%,12.27%,5.90%,16.69%,5.82%,2.64%,0.85%,1.98%,14.98%,6.13%,2.27%,8.09%,15.83%,9.26%,2.96%,12.00%,27.07%,15.41%,9.70%,18.20%,18.87%,6.52%,4.12%,11.76%,30.83%,18.74%,11.93%,22.86%,9.89%,0.00%,0.65%,0.00%,19.99%,8.91%,4.84%,9.60%,7.86%,3.89%,1.76%,4.12%,18.24%,8.63%,3.58%,12.02%,10.22%,4.96%,2.56%,5.45%,22.21%,11.39%,5.06%,15.47%,5.51%,2.10%,0.82%,1.82%,14.43%,5.91%,2.05%,7.94%,525,80,1525,199865,555,1555,145,58705,104565,31135,22545,133790,370,1155,90,36565,70600,22745,16060,65985,150,345,25,22025,33935,8255,6390,34660,75,75,15,11280,15875,6475,4255,26970,30,70,10,8410,12490,5240,3465,7525,0,5,0,2830,3235,1100,770,165080,430,1430,110,47315,88555,24475,18235,106655,275,1055,70,28125,57945,17305,12505,58295,110,325,25,19140,30575,7010,5620,2319410,12105,83990,2915,301365,1129190,749795,175360,1186160,6230,43065,1420,154060,575390,385725,96215,1133180,5675,40695,1265,147040,553710,364095,78990,218945,810,2535,125,41670,103025,66775,23375,142910,460,1700,85,27280,66650,43910,15155,76090,210,775,30,14160,36310,22735,8020,2100455,11060,81435,2670,259420,1026180,683020,151755,1043305,5545,41285,1285,126620,508615,341735,80860,1057035,5235,39855,1220,132685,517450,341190,70800,1490,1385,3305
UT,4.26%,8.61%,2.27%,7.03%,10.46%,7.64%,3.42%,6.06%,5.19,7.03,4.21,6.04%,12.00%,3.55%,9.52%,14.25%,10.03%,5.01%,7.46%,2.37%,5.74%,0.43%,3.54%,6.12%,5.00%,1.74%,4.09%,7.76%,7.96%,9.52%,11.11%,12.50%,10.09%,6.88%,8.63%,9.74%,11.11%,14.29%,9.09%,16.44%,12.62%,8.67%,9.47%,4.24%,2.44%,0.00%,0.00%,4.35%,5.83%,3.39%,5.50%,3.84%,8.48%,2.05%,6.87%,10.05%,7.20%,3.02%,5.52%,5.47%,10.51%,2.95%,9.89%,14.09%,9.42%,4.46%,6.79%,2.22%,6.19%,0.44%,3.74%,6.12%,4.82%,1.59%,3.81%,15,0,190,10680,295,110,270,365,2830,6670,830,7785,210,90,190,260,1930,5000,565,2890,95,10,65,100,890,1655,250,2090,45,20,30,75,495,1375,230,1680,40,20,15,60,390,1115,160,410,5,0,0,10,105,240,55,8600,240,95,245,290,2315,5285,610,6110,145,70,180,205,1520,3880,400,2495,90,10,65,85,770,1395,195,250845,3425,4845,3840,3490,37050,194825,13690,128940,1750,2535,1995,1825,19250,99895,7570,121915,1655,2325,1835,1635,17800,94940,6115,26945,565,210,270,600,4905,19985,2665,17240,360,140,165,365,3090,12860,1690,9675,205,70,100,230,1800,7090,1000,223905,2830,4630,3565,2885,32145,174855,11045,111680,1380,2370,1820,1455,16140,87000,5890,112205,1455,2250,1735,1390,15990,87825,5115,150,130,330
VA,10.49%,8.21%,1.72%,4.27%,20.93%,7.90%,7.31%,6.36%,0.89,13.62,0.58,13.83%,12.28%,2.71%,4.88%,26.17%,10.48%,10.20%,8.61%,6.95%,3.08%,0.64%,1.37%,15.40%,5.00%,4.23%,3.54%,18.24%,10.34%,2.99%,7.69%,28.23%,10.54%,14.19%,7.52%,21.30%,14.71%,4.18%,12.50%,31.69%,12.88%,17.33%,9.04%,11.98%,0.00%,0.00%,0.00%,21.27%,6.00%,7.87%,3.76%,9.37%,7.14%,1.55%,4.11%,19.48%,7.44%,6.40%,6.10%,12.35%,8.60%,2.49%,2.70%,24.66%,9.89%,8.91%,8.25%,6.48%,2.96%,0.63%,1.30%,14.76%,4.89%,3.89%,3.45%,205,40,160,67700,190,635,35,32980,5365,26045,2250,45885,140,510,20,21070,3670,18795,1670,21795,35,115,5,11865,1645,7275,565,14915,30,60,5,7360,945,5920,425,11640,25,55,5,5555,745,4855,330,3245,0,0,0,1815,190,1075,75,52785,140,540,30,25610,4380,20120,1810,34225,80,435,10,15530,2885,13920,1300,18545,30,110,5,10105,1455,6160,480,645185,2315,36905,820,157550,67920,356065,35375,331715,1140,18840,410,80500,35010,184280,19400,313480,1135,18060,365,77025,32895,171785,15950,81750,290,2010,65,26070,8965,41715,5655,54650,170,1315,40,17530,5785,28015,3650,27085,105,670,15,8535,3165,13660,1995,563395,1960,34850,730,131470,58905,314345,29670,277075,930,17475,370,62975,29185,156200,15765,286350,1015,17390,340,68455,29725,158175,13920,340,310,740
VT,7.81%,16.42%,0.66%,0.00%,9.04%,6.76%,7.80%,5.47%,8.62,1.23,-1.05,10.45%,19.44%,0.00%,0.00%,11.69%,7.32%,10.42%,7.46%,5.07%,11.11%,0.00%,0.00%,3.75%,0.00%,5.14%,3.23%,15.73%,23.08%,0.00%,,9.09%,25.00%,15.44%,11.11%,18.61%,25.00%,0.00%,,9.09%,33.33%,17.99%,25.00%,10.91%,20.00%,0.00%,,0.00%,,10.16%,0.00%,6.43%,12.96%,0.69%,0.00%,5.80%,1.47%,6.50%,4.27%,8.81%,16.67%,0.00%,0.00%,9.09%,2.70%,8.89%,6.56%,4.12%,10.71%,0.00%,0.00%,1.49%,0.00%,4.25%,1.72%,10,5,25,2610,55,5,0,75,25,2395,35,1805,35,0,0,45,15,1660,25,820,20,0,0,15,0,760,10,755,15,0,0,10,5,690,5,575,10,0,0,5,5,520,5,185,5,0,0,0,0,160,0,1840,35,5,0,40,5,1705,25,1250,20,0,0,30,5,1160,20,595,15,0,0,5,0,560,5,33425,335,755,30,830,370,30695,640,17270,180,315,10,385,205,15930,335,16175,180,425,10,400,160,14775,310,4800,65,30,0,110,20,4470,45,3090,40,5,0,55,15,2890,20,1695,25,5,0,40,0,1575,15,28635,270,725,25,690,340,26240,585,14190,120,305,10,330,185,13045,305,14445,140,410,10,335,155,13185,290,20,30,75
WA,8.40%,14.45%,2.94%,13.15%,18.69%,10.87%,7.20%,12.75%,7.25,11.49,3.67,11.71%,17.85%,4.53%,17.22%,24.00%,14.86%,10.23%,17.04%,4.91%,10.00%,1.14%,8.38%,12.53%,6.58%,3.96%,6.77%,18.08%,17.59%,6.51%,24.59%,31.11%,17.84%,16.54%,21.45%,21.85%,21.47%,7.94%,25.64%,35.47%,22.31%,20.10%,28.05%,10.46%,8.51%,3.31%,13.33%,22.31%,8.52%,9.34%,8.71%,7.24%,12.59%,2.70%,12.11%,15.98%,9.84%,6.09%,10.69%,10.09%,15.08%,4.09%,15.59%,20.70%,13.49%,8.72%,14.38%,4.44%,9.82%,1.07%,7.49%,11.12%,6.22%,3.53%,6.11%,170,20,280,43145,1170,1100,540,4290,10150,22965,3360,30820,755,855,360,2880,7120,16780,2525,12280,385,210,165,1370,2990,6145,780,9875,270,125,75,1145,1995,5435,990,7825,205,100,50,830,1575,4375,805,1965,40,20,10,280,345,1035,145,33240,820,955,460,3075,8080,17435,2320,22955,475,720,290,1995,5510,12400,1710,10275,325,190,145,1065,2570,5080,600,513595,8095,37385,4105,22950,93380,318985,26350,263305,4230,18895,2090,12000,47915,163995,14815,250235,3850,18435,1970,10930,45410,154990,11525,54610,1535,1920,305,3680,11185,32850,4615,35805,955,1260,195,2340,7060,21770,2870,18790,470,605,75,1255,4050,11085,1665,459040,6515,35400,3800,19245,82150,286160,21700,227575,3150,17585,1860,9640,40860,142225,11895,231445,3310,17765,1865,9580,41325,143895,9820,345,395,840
WI,7.46%,12.23%,1.99%,1.75%,33.84%,10.75%,4.20%,8.26%,8.02,29.64,6.54,9.76%,14.54%,3.18%,0.00%,38.99%,14.23%,6.04%,10.88%,5.02%,9.25%,0.64%,0.00%,28.30%,6.97%,2.22%,4.46%,17.97%,20.78%,3.02%,0.00%,48.07%,19.15%,11.15%,13.15%,20.64%,20.81%,3.52%,0.00%,52.25%,22.58%,13.53%,15.97%,12.06%,14.49%,1.28%,,40.79%,11.78%,5.51%,8.50%,5.83%,9.63%,1.71%,2.00%,29.09%,9.22%,3.25%,7.23%,7.42%,11.83%,2.78%,0.00%,32.91%,12.00%,4.60%,9.63%,4.26%,7.36%,0.68%,0.00%,25.95%,6.34%,1.88%,4.12%,100,30,430,31345,670,285,5,12175,3625,13605,1500,20990,405,225,0,7180,2460,10005,1065,10305,235,45,0,4935,1145,3510,375,10180,240,35,0,4180,900,4410,380,7725,155,25,0,2960,675,3555,285,2315,50,5,0,1185,185,730,85,21190,400,225,5,7925,2670,9230,1100,13190,230,175,0,4170,1700,6415,760,7915,155,45,0,3745,935,2715,300,420200,5480,14315,285,35975,33735,323745,18150,215120,2785,7075,105,18415,17290,165755,9790,205095,2540,7085,90,17440,16435,157940,8400,56660,1155,1160,5,8695,4700,39535,2890,37430,745,710,5,5665,2990,26270,1785,19195,345,390,0,2905,1570,13240,1000,363620,4155,13125,250,27240,28970,284200,15215,177660,1945,6300,95,12670,14170,139475,7890,185880,2105,6605,65,14430,14755,144720,7285,350,445,920
WV,13.64%,2.86%,2.46%,0.00%,27.08%,11.63%,12.91%,6.92%,-10.05,14.17,-1.28,18.25%,0.00%,2.17%,0.00%,32.18%,15.48%,17.46%,8.64%,8.73%,7.14%,0.93%,0.00%,21.24%,5.44%,8.09%,2.82%,17.77%,0.00%,0.00%,,27.24%,32.14%,17.01%,7.69%,21.28%,0.00%,0.00%,,31.29%,57.14%,20.58%,14.29%,11.05%,0.00%,0.00%,,22.50%,18.18%,10.36%,0.00%,12.88%,4.00%,2.29%,0.00%,26.85%,9.26%,12.16%,6.16%,17.49%,0.00%,2.70%,0.00%,32.21%,13.64%,16.72%,8.22%,8.43%,0.00%,1.10%,0.00%,20.84%,4.41%,7.78%,3.03%,85,15,55,19270,5,25,0,2085,175,16755,55,13280,0,10,0,1300,120,11655,35,5990,5,5,0,770,40,5100,10,3840,0,0,0,335,45,3380,5,2970,0,0,0,255,40,2640,5,845,0,0,0,90,10,730,0,15420,5,20,0,1740,125,13375,45,10285,0,10,0,1050,90,9020,30,5135,0,5,0,670,30,4360,10,141325,175,1015,30,7700,1505,129815,795,72750,80,460,15,4040,775,66760,405,68590,70,535,5,3625,735,63045,355,21610,25,135,0,1230,140,19865,65,13955,10,80,0,815,70,12830,35,7650,10,50,0,400,55,7045,20,119725,125,875,25,6480,1350,109960,730,58820,70,370,10,3260,660,53940,365,60935,40,455,5,3215,680,56010,330,120,105,260
WY,6.00%,11.68%,1.11%,0.00%,11.97%,8.29%,5.38%,3.21%,6.3,6.59,2.91,8.40%,12.41%,2.38%,0.00%,15.79%,11.16%,7.63%,3.33%,3.45%,7.41%,0.00%,0.00%,7.02%,4.66%,2.90%,1.67%,9.78%,11.11%,0.00%,0.00%,16.67%,12.50%,8.82%,5.88%,11.94%,14.81%,0.00%,0.00%,25.00%,15.19%,10.72%,4.35%,4.71%,0.00%,0.00%,0.00%,20.00%,9.09%,4.02%,0.00%,5.43%,11.11%,1.23%,0.00%,10.53%,7.41%,4.85%,2.48%,7.70%,12.96%,0.00%,0.00%,13.95%,10.05%,7.10%,1.45%,3.18%,7.76%,0.00%,0.00%,5.88%,4.24%,2.62%,0.00%,10,0,70,2610,160,5,0,70,400,1910,25,1875,85,5,0,45,275,1395,15,730,50,0,0,20,110,500,5,560,25,0,0,15,80,405,10,440,20,0,0,15,60,320,5,95,0,0,0,5,20,65,0,2050,125,5,0,50,310,1500,15,1435,70,0,0,30,210,1085,5,610,45,0,0,15,90,410,0,43495,1370,450,135,585,4825,35505,780,22325,685,210,55,285,2465,18275,450,21170,675,190,65,285,2360,17240,300,5725,225,25,10,90,640,4590,170,3685,135,15,10,60,395,2985,115,2015,90,10,5,25,220,1615,45,37765,1125,405,125,475,4185,30910,605,18625,540,190,45,215,2090,15280,345,19155,580,180,60,255,2125,15640,265,55,65,135
Totals,,1.18,0.24,0.72,2.30,1.07,0.66,,,,,,,,,,,,,,,,,,,,,,,,,,,,,,,,,,,,,,,,,,,,,,,,,,,,,,,,,,,,,,,,,,,,,,,,2300885,30140,24345,4770,809585,527880,840190,138415,1553960,19375,18540,3135,501265,360005,607485,99805,745490,9930,4955,1435,306810,166075,231285,37825,495060,6195,2460,590,161930,106120,198675,29630,382635,4490,1960,410,119825,81595,159270,23410,109705,1135,240,100,41080,23110,37325,5675,1804915,23175,21170,4005,645770,419845,640120,108015,1170225,13980,15755,2545,380155,276515,446820,75635,633705,8185,4425,1240,264430,141580,191560,31550,22852315,253030,990305,65685,3492265,4894645,12630835,1253425,11688810,127660,503135,32810,1769545,2497450,6491540,689820,11163895,122560,484520,30685,1720385,2395370,6139425,562250,2732605,37200,44690,4130,540150,544860,1494700,199320,1789105,23300,28990,2620,355245,351025,980910,127625,943705,12025,13980,1120,182765,191175,513050,69960,20115980,213295,943950,60470,2949225,4347625,11133110,1052895,9897870,101930,472210,29440,1412120,2143745,5508495,560460,10218005,108490,468740,29010,1535125,2202195,5624455,490695,14480,16005,35505
